{"version":1,"rules":[{"condition":{"type":"group","definition":{"logic":"and","conditions":[{"type":"group","definition":{"logic":"or","conditions":[{"type":"group","definition":{"logic":"and","conditions":[{"type":"matcher","definition":{"key":"~type","matcher":"eq","values":["com.adobe.eventType.generic.track"]}},{"type":"matcher","definition":{"key":"~source","matcher":"eq","values":["com.adobe.eventSource.requestContent"]}},{"type":"matcher","definition":{"key":"action","matcher":"ex","values":[]}}]}}]}}]}},"consequences":[{"id":"RCa29b8ef98d71432a899dbaf7388b039b","type":"add","detail":{"eventdata":{"contextdata":{"launches":"{%%LAUNCHES%%}","additionalKey":"testValue"}}}}]}]}