{"version":1,"rules":[{"condition":{"type":"group","definition":{"logic":"and","conditions":[{"type":"group","definition":{"logic":"or","conditions":[{"type":"group","definition":{"logic":"and","conditions":[{"type":"matcher","definition":{"key":"~type","matcher":"eq","values":["com.adobe.eventType.generic.track"]}},{"type":"matcher","definition":{"key":"~source","matcher":"eq","values":["com.adobe.eventSource.requestContent"]}},{"type":"matcher","definition":{"key":"action","matcher":"ex","values":[]}}]}}]}}]}},"consequences":[{"id":"RCaa8504813b6942bdb2824912fecc6ce1","type":"pb","detail":{"timeout":0,"templateurl":"https://www.adobe.com"}}]},{"condition":{"type":"group","definition":{"logic":"and","conditions":[{"type":"group","definition":{"logic":"or","conditions":[{"type":"group","definition":{"logic":"and","conditions":[{"type":"matcher","definition":{"key":"~type","matcher":"eq","values":["com.adobe.eventType.generic.track"]}},{"type":"matcher","definition":{"key":"~source","matcher":"eq","values":["com.adobe.eventSource.requestContent"]}},{"type":"matcher","definition":{"key":"action","matcher":"ex","values":[]}}]}}]}}]}},"consequences":[{"id":"RC7914710d41474feea5ecb87ad35f4158","type":"pb","detail":{"timeout":0,"templateurl":"https://www.adobe.com"}}]},{"condition":{"type":"group","definition":{"logic":"and","conditions":[{"type":"group","definition":{"logic":"or","conditions":[{"type":"group","definition":{"logic":"and","conditions":[{"type":"matcher","definition":{"key":"~type","matcher":"eq","values":["com.adobe.eventType.generic.track"]}},{"type":"matcher","definition":{"key":"~source","matcher":"eq","values":["com.adobe.eventSource.requestContent"]}},{"type":"matcher","definition":{"key":"action","matcher":"ex","values":[]}}]}}]}}]}},"consequences":[{"id":"RCbabcedeacd094c53939cdef1cf301918","type":"pb","detail":{"timeout":0,"templateurl":"https://www.adobe.com"}}]},{"condition":{"type":"group","definition":{"logic":"and","conditions":[{"type":"group","definition":{"logic":"or","conditions":[{"type":"group","definition":{"logic":"and","conditions":[{"type":"matcher","definition":{"key":"~type","matcher":"eq","values":["com.adobe.eventType.generic.track"]}},{"type":"matcher","definition":{"key":"~source","matcher":"eq","values":["com.adobe.eventSource.requestContent"]}},{"type":"matcher","definition":{"key":"action","matcher":"ex","values":[]}}]}}]}}]}},"consequences":[{"id":"RC73dea0e06c5744d78552dc86732503a2","type":"pb","detail":{"timeout":0,"templateurl":"https://www.adobe.com"}}]},{"condition":{"type":"group","definition":{"logic":"and","conditions":[{"type":"group","definition":{"logic":"or","conditions":[{"type":"group","definition":{"logic":"and","conditions":[{"type":"matcher","definition":{"key":"~type","matcher":"eq","values":["com.adobe.eventType.generic.track"]}},{"type":"matcher","definition":{"key":"~source","matcher":"eq","values":["com.adobe.eventSource.requestContent"]}},{"type":"matcher","definition":{"key":"action","matcher":"ex","values":[]}}]}}]}}]}},"consequences":[{"id":"RC5814c5cd95574a14a8efc345504efe55","type":"pb","detail":{"timeout":0,"templateurl":"https://www.adobe.com"}}]},{"condition":{"type":"group","definition":{"logic":"and","conditions":[{"type":"group","definition":{"logic":"or","conditions":[{"type":"group","definition":{"logic":"and","conditions":[{"type":"matcher","definition":{"key":"~type","matcher":"eq","values":["com.adobe.eventType.generic.track"]}},{"type":"matcher","definition":{"key":"~source","matcher":"eq","values":["com.adobe.eventSource.requestContent"]}},{"type":"matcher","definition":{"key":"action","matcher":"ex","values":[]}}]}}]}}]}},"consequences":[{"id":"RC486f994ecb1c457c8a86ca0cf75d756d","type":"pb","detail":{"timeout":0,"templateurl":"https://www.adobe.com"}}]},{"condition":{"type":"group","definition":{"logic":"and","conditions":[{"type":"group","definition":{"logic":"or","conditions":[{"type":"group","definition":{"logic":"and","conditions":[{"type":"matcher","definition":{"key":"~type","matcher":"eq","values":["com.adobe.eventType.generic.track"]}},{"type":"matcher","definition":{"key":"~source","matcher":"eq","values":["com.adobe.eventSource.requestContent"]}},{"type":"matcher","definition":{"key":"action","matcher":"ex","values":[]}}]}}]}}]}},"consequences":[{"id":"RC2ef00564f383457bab23d52470713dd8","type":"pb","detail":{"timeout":0,"templateurl":"https://www.adobe.com"}}]},{"condition":{"type":"group","definition":{"logic":"and","conditions":[{"type":"group","definition":{"logic":"or","conditions":[{"type":"group","definition":{"logic":"and","conditions":[{"type":"matcher","definition":{"key":"~type","matcher":"eq","values":["com.adobe.eventType.generic.track"]}},{"type":"matcher","definition":{"key":"~source","matcher":"eq","values":["com.adobe.eventSource.requestContent"]}},{"type":"matcher","definition":{"key":"action","matcher":"ex","values":[]}}]}}]}}]}},"consequences":[{"id":"RC0fb82464d11a489e8fb2662d9ced5672","type":"pb","detail":{"timeout":0,"templateurl":"https://www.adobe.com"}}]},{"condition":{"type":"group","definition":{"logic":"and","conditions":[{"type":"group","definition":{"logic":"or","conditions":[{"type":"group","definition":{"logic":"and","conditions":[{"type":"matcher","definition":{"key":"~type","matcher":"eq","values":["com.adobe.eventType.generic.track"]}},{"type":"matcher","definition":{"key":"~source","matcher":"eq","values":["com.adobe.eventSource.requestContent"]}},{"type":"matcher","definition":{"key":"action","matcher":"ex","values":[]}}]}}]}}]}},"consequences":[{"id":"RCe080bf88a83b4ec895ab360ab46f664a","type":"pb","detail":{"timeout":0,"templateurl":"https://www.adobe.com"}}]},{"condition":{"type":"group","definition":{"logic":"and","conditions":[{"type":"group","definition":{"logic":"or","conditions":[{"type":"group","definition":{"logic":"and","conditions":[{"type":"matcher","definition":{"key":"~type","matcher":"eq","values":["com.adobe.eventType.generic.track"]}},{"type":"matcher","definition":{"key":"~source","matcher":"eq","values":["com.adobe.eventSource.requestContent"]}},{"type":"matcher","definition":{"key":"action","matcher":"ex","values":[]}}]}}]}}]}},"consequences":[{"id":"RC9a8e2fa2d89448ca9e5e57359a23b766","type":"pb","detail":{"timeout":0,"templateurl":"https://www.adobe.com"}}]}]}